City_ID,City,Country,Date,Lat,Lng,Max Temp,Humidity,Cloudiness,Wind Speed
0,Busselton,AU,2021-12-04 15:52:50,-33.65,115.3333,64.09,73,0,13.67
1,Ushuaia,AR,2021-12-04 15:49:58,-54.8,-68.3,58.66,29,20,18.41
2,Koutsouras,GR,2021-12-04 15:52:50,35.0339,25.9469,66.11,66,67,13.96
3,Rapid City,US,2021-12-04 15:49:37,44.0805,-103.231,33.1,75,90,1.01
4,Soligalich,RU,2021-12-04 15:52:51,59.0778,42.2864,9.86,93,100,7.16
5,Vostok,RU,2021-12-04 15:52:51,46.4856,135.8833,-12.78,98,45,5.5
6,Scarborough,GB,2021-12-04 15:52:51,54.2797,-0.4044,41.52,87,71,5.01
7,Hay River,CA,2021-12-04 15:52:52,60.8156,-115.7999,-22.02,76,20,3.44
8,Codrington,AU,2021-12-04 15:52:52,-38.2667,141.9667,47.07,79,99,4.99
9,Hermanus,ZA,2021-12-04 15:52:52,-34.4187,19.2345,69.91,68,100,20.85
10,Barrow,US,2021-12-04 15:50:02,71.2906,-156.7887,8.62,78,90,14.97
11,Vila Franca Do Campo,PT,2021-12-04 15:52:53,37.7167,-25.4333,66.61,68,74,2.15
12,Miri,MY,2021-12-04 15:52:53,4.4148,114.0089,77.14,94,40,3.44
13,Chicama,PE,2021-12-04 15:52:54,-7.8447,-79.1469,64.94,61,93,8.68
14,Provideniya,RU,2021-12-04 15:52:54,64.3833,-173.3,15.8,70,21,13.35
15,Freeport,US,2021-12-04 15:48:30,40.6576,-73.5832,47.84,54,20,1.01
16,Batagay-Alyta,RU,2021-12-04 15:52:55,67.8006,130.4114,-26.32,98,100,2.75
17,Rikitea,PF,2021-12-04 15:49:16,-23.1203,-134.9692,75.43,73,48,13.56
18,Rafaela,AR,2021-12-04 15:52:55,-31.2503,-61.4867,88.05,45,100,1.01
19,Manaulanan,PH,2021-12-04 15:52:55,7.0481,124.6194,72.82,97,71,2.15
20,Tuktoyaktuk,CA,2021-12-04 15:52:56,69.4541,-133.0374,-23.8,76,1,6.91
21,Sao Joao Da Barra,BR,2021-12-04 15:52:57,-21.6403,-41.0511,80.69,74,34,10.11
22,Garbolovo,RU,2021-12-04 15:52:57,60.3413,30.4955,18.32,94,100,7.63
23,Avarua,CK,2021-12-04 15:52:58,-21.2078,-159.775,73.45,100,100,1.14
24,Nabire,ID,2021-12-04 15:52:58,-3.3667,135.4833,75.25,96,100,2.57
25,Albany,US,2021-12-04 15:52:59,42.6001,-73.9662,37.81,67,68,3.6
26,Cidreira,BR,2021-12-04 15:52:59,-30.1811,-50.2056,73.29,73,60,17.74
27,Santo Antonio Do Monte,BR,2021-12-04 15:53:00,-20.0872,-45.2936,73.26,68,92,3.11
28,Qaanaaq,GL,2021-12-04 15:53:00,77.484,-69.3632,0.25,65,72,8.39
29,Ponta Do Sol,PT,2021-12-04 15:53:01,32.6667,-17.1,67.12,58,93,9.73
30,Vaini,TO,2021-12-04 15:53:02,-21.2,-175.2,78.96,94,40,6.91
31,Bridlington,GB,2021-12-04 15:53:02,54.0831,-0.1919,41.9,82,86,15.43
32,Sinnamary,GF,2021-12-04 15:53:03,5.3833,-52.95,77.41,89,100,4.85
33,Ribeira Grande,PT,2021-12-04 15:53:03,38.5167,-28.7,63.0,94,75,4.61
34,Punta Arenas,CL,2021-12-04 15:53:03,-53.15,-70.9167,59.11,58,75,27.63
35,Cape Town,ZA,2021-12-04 15:48:54,-33.9258,18.4232,73.81,60,20,7.0
36,Castro,BR,2021-12-04 15:53:04,-24.7911,-50.0119,78.76,40,2,4.03
37,Eenhana,NA,2021-12-04 15:53:04,-17.4667,16.3333,81.59,45,88,13.27
38,Hobart,AU,2021-12-04 15:53:05,-42.8794,147.3294,45.05,77,90,6.91
39,Tezu,IN,2021-12-04 15:53:05,27.9167,96.1667,66.43,57,81,3.78
40,Cherepovets,RU,2021-12-04 15:53:06,59.1333,37.9,4.82,85,0,8.95
41,Kavaratti,IN,2021-12-04 15:53:06,10.5669,72.642,82.0,74,8,5.86
42,Dhone,IN,2021-12-04 15:53:06,15.4167,77.8833,77.83,62,68,1.1
43,Lorengau,PG,2021-12-04 15:53:07,-2.0226,147.2712,82.54,81,99,17.31
44,Mar Del Plata,AR,2021-12-04 15:53:08,-38.0023,-57.5575,60.82,80,40,11.01
45,Yellowknife,CA,2021-12-04 15:53:08,62.456,-114.3525,-27.71,76,1,3.0
46,Paraiso,CR,2021-12-04 15:48:26,9.8383,-83.8656,74.26,66,49,6.4
47,Butaritari,KI,2021-12-04 15:53:09,3.0707,172.7902,82.49,76,15,16.67
48,Mataura,NZ,2021-12-04 15:53:09,-46.1927,168.8643,58.48,96,53,3.56
49,Saint George,US,2021-12-04 15:52:58,37.1041,-113.5841,55.35,55,1,0.0
50,Kapaa,US,2021-12-04 15:53:10,22.0752,-159.319,66.18,59,83,8.43
51,Iqaluit,CA,2021-12-04 15:50:58,63.7506,-68.5145,2.93,77,90,21.0
52,Kavieng,PG,2021-12-04 15:53:11,-2.5744,150.7967,82.51,80,52,13.58
53,Khatanga,RU,2021-12-04 15:53:11,71.9667,102.5,-20.63,98,100,7.56
54,Airai,TL,2021-12-04 15:53:11,-8.9266,125.4092,62.24,93,100,1.74
55,Pacific Grove,US,2021-12-04 15:51:40,36.6177,-121.9166,53.42,82,12,1.99
56,Cianjur,ID,2021-12-04 15:53:12,-6.8224,107.1393,72.18,96,100,1.63
57,Sheridan,US,2021-12-04 15:53:12,44.8333,-106.9173,33.98,86,86,1.99
58,Dikson,RU,2021-12-04 15:53:13,73.5069,80.5464,-24.32,100,71,2.64
59,Jamestown,US,2021-12-04 15:51:35,42.097,-79.2353,40.32,90,90,11.99
60,Vuktyl,RU,2021-12-04 15:53:13,63.8567,57.3094,4.75,76,100,11.23
61,Sept-Iles,CA,2021-12-04 15:53:14,50.2001,-66.3821,22.05,66,40,8.99
62,Port Alfred,ZA,2021-12-04 15:53:14,-33.5906,26.891,68.13,93,100,21.32
63,Portree,GB,2021-12-04 15:53:14,57.4129,-6.1942,43.86,83,75,13.02
64,Dingle,PH,2021-12-04 15:53:15,10.9995,122.6711,72.0,90,86,8.41
65,Yumen,CN,2021-12-04 15:53:15,40.2833,97.2,30.24,31,79,8.34
66,Puerto Ayora,EC,2021-12-04 15:53:15,-0.7393,-90.3518,73.36,82,90,7.96
67,Chuy,UY,2021-12-04 15:53:16,-33.6971,-53.4616,72.46,60,100,11.99
68,Pirovskoye,RU,2021-12-04 15:53:16,57.6267,92.2658,22.12,88,100,14.34
69,Aklavik,CA,2021-12-04 15:53:17,68.2191,-135.0107,-15.77,68,1,5.75
70,Laguna,US,2021-12-04 15:53:17,38.421,-121.4238,54.1,97,90,0.0
71,Hithadhoo,MV,2021-12-04 15:53:18,-0.6,73.0833,82.44,76,95,13.8
72,Mogadishu,SO,2021-12-04 15:53:18,2.0371,45.3438,80.55,73,1,18.3
73,Hualmay,PE,2021-12-04 15:53:18,-11.0964,-77.6139,71.38,74,83,9.24
74,Mahebourg,MU,2021-12-04 15:53:19,-20.4081,57.7,80.89,74,20,6.91
75,Jiuquan,CN,2021-12-04 15:50:12,39.7432,98.5174,30.69,25,13,1.07
76,Akhtubinsk,RU,2021-12-04 15:53:19,48.2795,46.1722,46.26,82,94,15.41
77,Sassandra,CI,2021-12-04 15:53:20,4.95,-6.0833,83.73,69,44,8.12
78,Bluff,NZ,2021-12-04 15:53:20,-46.6,168.3333,58.8,94,42,1.5
79,Ahuimanu,US,2021-12-04 15:53:20,21.4447,-157.8378,65.91,72,40,4.61
80,Cherskiy,RU,2021-12-04 15:53:21,68.75,161.3,-18.56,99,100,7.87
81,Tual,ID,2021-12-04 15:53:21,-5.6667,132.75,83.61,77,100,14.0
82,Komsomolskiy,UZ,2021-12-04 15:53:22,40.4272,71.7189,43.52,61,100,2.3
83,Ixtapa,MX,2021-12-04 15:53:22,20.7,-105.2,77.23,78,37,2.1
84,Green River,US,2021-12-04 15:53:22,41.5286,-109.4662,32.4,46,2,4.38
85,Gazanjyk,TM,2021-12-04 15:53:23,39.2446,55.5154,45.18,74,0,10.0
86,Severo-Kurilsk,RU,2021-12-04 15:53:23,50.6789,156.125,32.43,88,92,32.01
87,Astaneh-Ye Ashrafiyeh,IR,2021-12-04 15:53:23,37.2596,49.9444,48.13,81,69,3.4
88,East London,ZA,2021-12-04 15:53:24,-33.0153,27.9116,65.34,100,90,14.97
89,Sydney Mines,CA,2021-12-04 15:53:24,46.2367,-60.2177,30.43,81,75,14.0
90,West Wendover,US,2021-12-04 15:52:58,40.7391,-114.0733,42.62,61,0,1.95
91,Log,RU,2021-12-04 15:53:25,49.4844,43.8613,38.57,93,100,10.67
92,Bredasdorp,ZA,2021-12-04 15:53:25,-34.5322,20.0403,66.27,67,99,18.77
93,Lompoc,US,2021-12-04 15:53:25,34.6391,-120.4579,54.25,85,90,3.44
94,Powell River,CA,2021-12-04 15:53:26,49.8496,-124.5361,37.0,100,90,0.0
95,Prabumulih,ID,2021-12-04 15:53:26,-3.45,104.25,74.3,95,100,3.83
96,Sete,FR,2021-12-04 15:51:42,43.4018,3.6966,57.24,65,97,25.32
97,Nikolskoye,RU,2021-12-04 15:53:27,59.7035,30.7861,19.02,95,100,4.7
98,Avera,US,2021-12-04 15:53:27,33.194,-82.5271,65.71,60,86,9.17
99,Tilichiki,RU,2021-12-04 15:53:27,60.4667,166.1,18.28,95,100,10.29
100,Petrov Val,RU,2021-12-04 15:53:28,50.1434,45.2096,39.58,93,100,5.95
101,Lebu,CL,2021-12-04 15:53:28,-37.6167,-73.65,60.26,62,0,20.69
102,Temir,KZ,2021-12-04 15:53:29,49.1414,57.13,29.82,85,99,7.31
103,Sao Borja,BR,2021-12-04 15:53:29,-28.6606,-56.0044,87.94,31,99,3.11
104,Gidam,IN,2021-12-04 15:53:29,18.9833,81.4,65.77,92,100,3.36
105,Alexandria,EG,2021-12-04 15:50:12,31.2156,29.9553,64.94,72,40,4.61
106,Fortuna,US,2021-12-04 15:53:30,40.5982,-124.1573,49.32,76,90,1.99
107,Ostroleka,PL,2021-12-04 15:53:51,53.0862,21.5757,33.93,79,96,6.2
108,Luderitz,NA,2021-12-04 15:53:52,-26.6481,15.1594,65.55,73,1,10.16
109,Neyshabur,IR,2021-12-04 15:53:52,36.2133,58.7958,43.27,67,60,3.85
110,Sulangan,PH,2021-12-04 15:53:53,11.1373,123.7228,80.22,75,35,21.05
111,Rio Gallegos,AR,2021-12-04 15:53:53,-51.6226,-69.2181,68.05,32,75,10.36
112,Katsuura,JP,2021-12-04 15:53:53,35.1333,140.3,51.82,60,0,18.05
113,Naze,JP,2021-12-04 15:53:54,28.3667,129.4833,57.94,61,52,15.61
114,Korcula,HR,2021-12-04 15:53:54,42.9622,17.1369,50.56,45,93,0.58
115,Oran,DZ,2021-12-04 15:53:55,35.6911,-0.6417,60.73,55,0,17.27
116,Marsa Matruh,EG,2021-12-04 15:53:55,31.3525,27.2453,66.4,48,0,12.66
117,Lavrentiya,RU,2021-12-04 15:53:56,65.5833,-171.0,1.24,92,67,7.76
118,Grand Island,US,2021-12-04 15:53:56,40.925,-98.342,34.75,92,90,3.0
119,Okhotsk,RU,2021-12-04 15:53:56,59.3833,143.3,-23.06,90,47,14.45
120,Victoria Point,AU,2021-12-04 15:53:57,-27.5833,153.3,69.15,96,83,1.99
121,Hilo,US,2021-12-04 15:53:58,19.7297,-155.09,73.27,98,100,1.99
122,Aberystwyth,GB,2021-12-04 15:53:58,52.4155,-4.0829,45.72,69,70,25.93
123,Asau,RO,2021-12-04 15:53:59,46.4333,26.4,31.95,73,48,3.4
124,Fomboni,KM,2021-12-04 15:54:00,-12.28,43.7425,82.53,71,11,6.26
125,Bambous Virieux,MU,2021-12-04 15:54:00,-20.3428,57.7575,80.85,74,20,6.91
126,Berlevag,NO,2021-12-04 15:54:00,70.8578,29.0864,18.16,82,20,19.17
127,Souillac,MU,2021-12-04 15:54:01,-20.5167,57.5167,80.98,74,20,6.91
128,Kiunga,PG,2021-12-04 15:54:02,-6.1219,141.2906,73.42,100,93,2.39
129,Natal,BR,2021-12-04 15:53:09,-5.795,-35.2094,88.02,66,75,18.41
130,Dunedin,NZ,2021-12-04 15:54:02,-45.8742,170.5036,54.81,66,100,3.0
131,Tiksi,RU,2021-12-04 15:54:03,71.6872,128.8694,-20.7,95,100,3.36
132,Impfondo,CG,2021-12-04 15:54:03,1.6381,18.0667,84.22,66,99,4.85
133,Ponta Delgada,PT,2021-12-04 15:54:04,37.7333,-25.6667,66.92,63,40,8.05
134,Poddorye,RU,2021-12-04 15:54:05,57.4695,31.1156,10.74,99,84,2.68
135,Port Elizabeth,ZA,2021-12-04 15:54:05,-33.918,25.5701,65.1,89,100,18.88
136,Coihaique,CL,2021-12-04 15:53:07,-45.5752,-72.0662,66.81,34,0,5.75
137,Mapiripan,CO,2021-12-04 15:54:06,2.8892,-72.1256,86.2,59,86,8.39
138,Gladstone,AU,2021-12-04 15:54:06,-23.85,151.25,76.93,83,90,4.61
139,Jasper,US,2021-12-04 15:54:07,37.2001,-94.3502,56.35,57,90,1.99
140,Georgetown,MY,2021-12-04 15:54:08,5.4112,100.3354,81.9,81,20,5.01
141,Moindou,NC,2021-12-04 15:54:08,-21.6924,165.677,71.55,82,64,3.02
142,Aswan,EG,2021-12-04 15:54:09,24.0934,32.907,81.7,29,0,5.75
143,Tukrah,LY,2021-12-04 15:54:09,32.5341,20.5791,61.34,60,49,20.69
144,Masunga,BW,2021-12-04 15:54:10,-20.6246,27.4488,88.27,24,77,5.77
145,San Patricio,US,2021-12-04 15:54:10,28.017,-97.5169,76.98,73,2,12.12
146,Carnarvon,AU,2021-12-04 15:54:11,-24.8667,113.6333,73.47,83,0,9.22
147,Gornozavodsk,RU,2021-12-04 15:54:11,58.3758,58.3211,33.31,97,100,15.23
148,Mecca,SA,2021-12-04 15:51:54,21.4267,39.8261,77.9,58,0,8.01
149,Bethel,US,2021-12-04 15:54:13,41.3712,-73.414,45.48,63,98,1.01
150,Atuona,PF,2021-12-04 15:54:13,-9.8,-139.0333,78.33,74,30,20.67
151,Omboue,GA,2021-12-04 15:54:14,-1.5746,9.2618,81.3,81,96,11.03
152,Haines Junction,CA,2021-12-04 15:54:15,60.7522,-137.5108,-25.65,75,77,1.14
153,Xining,CN,2021-12-04 15:53:52,36.6167,101.7667,27.61,31,0,2.84
154,Saldanha,ZA,2021-12-04 15:54:15,-33.0117,17.9442,66.25,85,100,3.31
155,Sioux Lookout,CA,2021-12-04 15:54:16,50.1001,-91.917,8.98,85,90,9.22
156,Ilulissat,GL,2021-12-04 15:53:14,69.2167,-51.1,36.97,55,100,29.91
157,New Norfolk,AU,2021-12-04 15:54:17,-42.7826,147.0587,44.1,59,79,2.55
158,Camacha,PT,2021-12-04 15:54:17,33.0833,-16.3333,63.82,59,40,13.8
159,Axim,GH,2021-12-04 15:54:18,4.8699,-2.2405,84.6,69,51,9.98
160,Kodiak,US,2021-12-04 15:54:18,57.79,-152.4072,22.96,70,97,4.25
161,Tuatapere,NZ,2021-12-04 15:54:19,-46.1333,167.6833,58.82,95,89,2.73
162,Cape Girardeau,US,2021-12-04 15:54:19,37.3834,-89.7168,50.02,67,96,8.99
163,Lagoa,PT,2021-12-04 15:54:20,39.05,-27.9833,63.84,84,25,12.95
164,Yakeshi,CN,2021-12-04 15:54:20,49.2833,120.7333,6.4,94,21,4.99
165,Thompson,CA,2021-12-04 15:50:25,55.7435,-97.8558,-14.64,76,75,3.44
166,Sigulda,LV,2021-12-04 15:54:20,57.1519,24.8647,25.52,96,100,1.01
167,Sribne,UA,2021-12-04 15:54:21,50.6638,32.9187,29.73,83,8,4.45
168,Kruisfontein,ZA,2021-12-04 15:54:21,-34.0033,24.7314,62.89,93,100,14.07
169,Namatanai,PG,2021-12-04 15:54:21,-3.6667,152.4333,80.37,84,58,7.18
170,Goderich,CA,2021-12-04 15:54:22,43.7501,-81.7165,38.91,70,70,19.57
171,Darhan,MN,2021-12-04 15:54:22,49.4867,105.9228,15.37,89,99,1.68
172,Trinidad,BO,2021-12-04 15:54:23,-14.8333,-64.9,87.78,70,20,11.5
173,Isfana,KG,2021-12-04 15:54:23,39.8386,69.5306,34.36,44,98,2.48
174,Nelson Bay,AU,2021-12-04 15:54:23,-32.7167,152.15,68.0,74,98,4.0
175,Pevek,RU,2021-12-04 15:54:24,69.7008,170.3133,-11.27,94,100,10.98
176,Longyearbyen,SJ,2021-12-04 15:49:52,78.2186,15.6401,24.64,80,75,24.16
177,Plettenberg Bay,ZA,2021-12-04 15:54:24,-34.0527,23.3716,63.95,89,99,17.0
178,Kintinku,TZ,2021-12-04 15:54:25,-5.8833,35.2333,78.37,37,80,12.48
179,Omsukchan,RU,2021-12-04 15:54:25,62.5333,155.8,-32.58,94,16,3.8
180,Olutanga,PH,2021-12-04 15:54:25,7.3106,122.8464,80.62,77,47,7.49
181,Westport,US,2021-12-04 15:54:26,41.1415,-73.3579,47.03,58,99,1.01
182,Nome,US,2021-12-04 15:54:26,64.5011,-165.4064,-1.37,100,95,4.65
183,Galesong,ID,2021-12-04 15:54:26,-5.3166,119.3661,77.02,79,100,5.77
184,Karoi,ZW,2021-12-04 15:54:27,-16.8099,29.6925,86.29,23,13,10.11
185,Nimes,FR,2021-12-04 15:54:27,43.8333,4.35,56.59,93,0,3.44
186,Portland,US,2021-12-04 15:49:42,45.5234,-122.6762,44.62,94,90,4.0
187,Carbonia,IT,2021-12-04 15:54:28,39.1672,8.5222,58.15,81,76,15.35
188,Ambunti,PG,2021-12-04 15:54:28,-4.2365,142.8448,74.86,98,100,4.7
189,Alofi,NU,2021-12-04 15:54:29,-19.0595,-169.9187,75.09,94,100,4.61
190,Warkworth,NZ,2021-12-04 15:54:29,-36.4,174.6667,66.49,91,100,12.19
191,Richards Bay,ZA,2021-12-04 15:54:29,-28.783,32.0377,73.42,96,100,13.69
192,Mandalgovi,MN,2021-12-04 15:54:30,45.7625,106.2708,25.12,27,78,8.37
193,Severo-Yeniseyskiy,RU,2021-12-04 15:54:30,60.3725,93.0408,10.08,87,100,11.45
194,Fukue,JP,2021-12-04 15:54:30,32.6881,128.8419,54.41,56,75,8.57
195,Yokadouma,CM,2021-12-04 15:54:31,3.5167,15.05,81.5,65,97,5.19
196,Ruteng,ID,2021-12-04 15:54:31,-8.6136,120.4721,63.73,93,100,0.89
197,Saint-Pierre,RE,2021-12-04 15:54:32,-21.3393,55.4781,80.28,79,75,2.3
198,Chokurdakh,RU,2021-12-04 15:54:32,70.6333,147.9167,-39.84,100,87,3.74
199,Buraydah,SA,2021-12-04 15:54:32,26.326,43.975,68.45,32,3,9.08
200,Tynda,RU,2021-12-04 15:54:33,55.1667,124.7167,0.27,92,88,1.74
201,Amuntai,ID,2021-12-04 15:54:33,-2.4177,115.2494,73.8,99,99,2.42
202,Talnakh,RU,2021-12-04 15:54:33,69.4865,88.3972,-21.64,98,100,3.56
203,Olafsvik,IS,2021-12-04 15:54:34,64.8945,-23.7142,34.77,75,72,4.79
204,Wolsztyn,PL,2021-12-04 15:54:34,52.1155,16.1171,35.38,95,100,5.57
205,Tasiilaq,GL,2021-12-04 15:54:35,65.6145,-37.6368,24.96,72,100,13.76
206,Zhangjiakou,CN,2021-12-04 15:54:35,40.81,114.8794,30.06,42,0,1.36
207,San Quintin,MX,2021-12-04 15:54:36,30.4833,-115.95,60.49,82,97,8.68
208,Destin,US,2021-12-04 15:51:02,30.3935,-86.4958,70.48,96,40,0.0
209,Sao Felix Do Xingu,BR,2021-12-04 15:54:37,-6.6447,-51.995,83.61,70,100,2.91
210,Sangmelima,CM,2021-12-04 15:54:37,2.9333,11.9833,78.08,67,92,2.24
211,Port Hedland,AU,2021-12-04 15:54:38,-20.3167,118.5667,87.85,51,6,14.97
212,Hobyo,SO,2021-12-04 15:54:38,5.3505,48.5268,80.11,68,5,16.6
213,Bengkulu,ID,2021-12-04 15:54:38,-3.8004,102.2655,75.11,96,100,10.2
214,Mount Gambier,AU,2021-12-04 15:54:39,-37.8333,140.7667,42.71,100,75,0.0
215,Leningradskiy,RU,2021-12-04 15:54:39,69.3833,178.4167,-14.89,96,99,4.18
216,Kununurra,AU,2021-12-04 15:54:39,-15.7667,128.7333,84.18,74,99,4.61
217,Ancud,CL,2021-12-04 15:54:40,-41.8697,-73.8203,62.13,57,0,7.29
218,Narsaq,GL,2021-12-04 15:54:40,60.9167,-46.05,36.91,67,100,16.6
219,Williamsburg,US,2021-12-04 15:54:40,37.2707,-76.7075,58.95,74,1,1.99
220,Saint-Philippe,RE,2021-12-04 15:54:41,-21.3585,55.7679,80.19,83,35,10.8
221,Kasongo-Lunda,CD,2021-12-04 15:54:41,-6.4667,16.8167,80.11,77,93,3.53
222,Kahului,US,2021-12-04 15:54:41,20.8947,-156.47,65.46,64,100,5.82
223,French Harbor,HN,2021-12-04 15:54:42,16.35,-86.4333,82.4,80,20,7.0
224,San Ramon De La Nueva Oran,AR,2021-12-04 15:54:42,-23.1322,-64.326,77.43,94,100,2.06
225,Muskegon,US,2021-12-04 15:51:00,43.3,-86.1334,40.21,54,40,14.97
226,Ossora,RU,2021-12-04 15:54:43,59.2353,163.0719,27.27,97,100,6.64
227,Hokitika,NZ,2021-12-04 15:54:43,-42.7167,170.9667,61.43,97,100,16.44
228,Moerai,PF,2021-12-04 15:54:43,-22.4333,-151.3333,76.68,80,51,7.94
229,Cabo San Lucas,MX,2021-12-04 15:54:44,22.8909,-109.9124,78.51,80,99,6.71
230,Port Lincoln,AU,2021-12-04 15:54:44,-34.7333,135.8667,57.85,79,52,12.75
231,Jinchang,CN,2021-12-04 15:54:45,38.4953,102.1739,34.39,17,0,3.33
232,Jalu,LY,2021-12-04 15:54:45,29.0331,21.5482,60.8,37,0,20.98
233,Macae,BR,2021-12-04 15:54:46,-22.3708,-41.7869,82.27,69,40,9.22
234,Semey,KZ,2021-12-04 15:54:46,50.4111,80.2275,22.37,92,60,5.77
235,Qui Nhon,VN,2021-12-04 15:54:46,13.7667,109.2333,68.81,75,100,16.69
236,Kaspiyskiy,RU,2021-12-04 15:54:47,45.3929,47.3707,45.72,91,27,15.05
237,Lasa,IT,2021-12-04 15:54:47,46.6166,10.7002,36.34,91,100,1.59
238,Timra,SE,2021-12-04 15:54:48,62.487,17.3257,23.68,68,75,3.44
239,Fereydun Kenar,IR,2021-12-04 15:54:48,36.6864,52.5225,48.51,70,48,8.86
240,Auch,FR,2021-12-04 15:54:48,43.65,0.5833,52.25,94,73,7.0
241,Faanui,PF,2021-12-04 15:54:49,-16.4833,-151.75,80.78,72,88,17.27
242,Damabalas,PH,2021-12-04 15:54:49,7.0156,124.5142,72.68,97,71,2.06
243,Kalmunai,LK,2021-12-04 15:54:49,7.4167,81.8167,79.21,83,53,5.14
244,Huron,US,2021-12-04 15:54:50,41.1501,-82.5499,40.8,91,86,11.07
245,Rawson,AR,2021-12-04 15:54:50,-43.3002,-65.1023,79.36,24,0,11.99
246,Pontianak,ID,2021-12-04 15:50:03,-0.0333,109.3333,80.58,83,40,0.0
247,Salalah,OM,2021-12-04 15:54:51,17.0151,54.0924,75.72,57,0,2.37
248,Torit,SS,2021-12-04 15:54:51,4.4133,32.5678,88.16,34,99,6.51
249,Touros,BR,2021-12-04 15:54:52,-5.1989,-35.4608,86.9,62,75,15.52
250,Walvis Bay,NA,2021-12-04 15:54:52,-22.9575,14.5053,72.55,49,0,23.02
251,Fuquay-Varina,US,2021-12-04 15:50:43,35.5843,-78.8,65.34,64,99,1.01
252,Makakilo City,US,2021-12-04 15:54:53,21.3469,-158.0858,64.72,83,1,0.0
253,Puerto Escondido,MX,2021-12-04 15:54:53,15.85,-97.0667,84.76,44,50,1.9
254,Fairbanks,US,2021-12-04 15:54:54,64.8378,-147.7164,-22.02,67,1,0.0
255,Arraial Do Cabo,BR,2021-12-04 15:54:54,-22.9661,-42.0278,82.36,57,20,6.91
256,Plouzane,FR,2021-12-04 15:54:55,48.3833,-4.6167,49.08,68,75,17.27
257,Nhulunbuy,AU,2021-12-04 15:54:55,-12.2333,136.7667,83.01,83,100,5.75
258,Saskylakh,RU,2021-12-04 15:54:56,71.9167,114.0833,-20.27,98,100,6.38
259,Yulara,AU,2021-12-04 15:54:57,-25.2406,130.9889,82.24,28,75,19.57
260,San Carlos,VE,2021-12-04 15:54:57,9.6612,-68.5827,90.99,45,55,3.58
261,Zarubino,RU,2021-12-04 15:54:57,42.63,131.0922,18.91,62,1,9.31
262,Fonte Boa,BR,2021-12-04 15:54:58,-2.4959,-66.2662,82.99,80,86,3.24
263,El Viejo,NI,2021-12-04 15:54:59,12.6633,-87.1672,86.22,62,20,4.61
264,Dicabisagan,PH,2021-12-04 15:54:59,17.0818,122.4157,71.13,85,98,9.37
265,Beloha,MG,2021-12-04 15:55:00,-25.1667,45.05,83.37,37,0,8.19
266,Ostrovnoy,RU,2021-12-04 15:55:00,68.0531,39.5131,5.54,95,84,4.74
267,Waipawa,NZ,2021-12-04 15:55:01,-41.4122,175.5153,63.45,76,99,8.61
268,Norman Wells,CA,2021-12-04 15:52:57,65.282,-126.8329,-39.96,60,20,5.75
269,Ust-Omchug,RU,2021-12-04 15:55:02,61.15,149.6333,-34.31,100,100,1.74
270,Salobrena,ES,2021-12-04 15:55:02,36.7428,-3.5872,64.33,45,0,12.64
271,Adrar,MR,2021-12-04 15:55:02,20.5022,-10.0711,80.8,10,71,13.89
272,Xichang,CN,2021-12-04 15:55:03,27.8964,102.2634,49.5,90,88,1.12
273,Sesheke,ZM,2021-12-04 15:55:03,-17.4759,24.2968,93.07,20,80,2.64
274,Klaksvik,FO,2021-12-04 15:55:03,62.2266,-6.589,34.72,59,99,15.64
275,Popondetta,PG,2021-12-04 15:55:04,-8.7537,148.2534,74.05,98,99,2.86
276,Isangel,VU,2021-12-04 15:55:04,-19.55,169.2667,77.65,85,95,10.58
277,San Jose,US,2021-12-04 15:51:59,37.3394,-121.895,54.25,85,90,3.44
278,Lakes Entrance,AU,2021-12-04 15:55:05,-37.8811,147.981,53.17,57,81,3.02
279,Koumac,NC,2021-12-04 15:55:05,-20.5667,164.2833,77.76,78,67,1.68
280,Tuban,ID,2021-12-04 15:55:06,-6.8976,112.0649,78.21,87,100,12.1
281,Koutiala,ML,2021-12-04 15:55:06,12.3917,-5.4642,97.41,9,88,9.78
282,Hervey Bay,AU,2021-12-04 15:55:06,-25.2986,152.8535,73.02,76,78,4.0
283,Orlik,RU,2021-12-04 15:55:07,52.5178,99.825,-0.29,96,47,2.93
284,Morgan City,US,2021-12-04 15:55:07,29.6994,-91.2068,66.99,100,90,4.61
285,Najran,SA,2021-12-04 15:55:08,17.4924,44.1277,68.65,23,0,6.26
286,Tete,MZ,2021-12-04 15:55:08,-16.1564,33.5867,104.14,23,40,8.99
287,Hasaki,JP,2021-12-04 15:55:08,35.7333,140.8333,44.89,51,2,23.02
288,Mnogovershinnyy,RU,2021-12-04 15:55:09,53.9353,139.9242,-13.05,87,4,4.94
289,Olot,ES,2021-12-04 15:55:09,42.181,2.4901,55.2,69,100,3.53
290,Horsham,GB,2021-12-04 15:55:10,51.064,-0.3272,45.64,68,20,11.5
291,Hun,LY,2021-12-04 15:55:10,29.1268,15.9477,57.2,42,0,12.17
292,Amurrio,ES,2021-12-04 15:55:10,43.05,-3.0,50.13,86,73,12.28
293,Kill,IE,2021-12-04 15:55:11,52.1761,-7.335,42.73,79,20,12.66
294,Patna,IN,2021-12-04 15:55:11,25.6,85.1167,66.13,77,40,0.0
295,Denpasar,ID,2021-12-04 15:55:12,-8.65,115.2167,78.46,94,40,5.75
296,Pemangkat,ID,2021-12-04 15:55:12,1.1667,108.9667,78.37,88,98,7.0
297,Karla,EE,2021-12-04 15:55:12,59.3723,24.9275,25.14,87,90,8.05
298,Kologriv,RU,2021-12-04 15:55:13,58.8275,44.3178,19.26,94,100,8.41
299,Coahuayana,MX,2021-12-04 15:55:13,18.7333,-103.6833,84.2,58,8,1.39
300,Poum,NC,2021-12-04 15:55:14,-20.2333,164.0167,79.45,77,34,11.01
301,Soure,BR,2021-12-04 15:55:14,-0.7167,-48.5233,79.43,79,100,5.79
302,Nanortalik,GL,2021-12-04 15:55:14,60.1432,-45.2371,37.49,77,100,26.53
303,Constitucion,CL,2021-12-04 15:55:15,-35.3333,-72.4167,69.04,52,2,12.57
304,Vanimo,PG,2021-12-04 15:55:15,-2.6741,141.3028,78.57,90,100,9.31
305,Bocas Del Toro,PA,2021-12-04 15:55:15,9.3333,-82.25,88.07,70,5,6.89
306,Kambove,CD,2021-12-04 15:55:16,-10.8764,26.5969,75.06,52,4,2.19
307,Meulaboh,ID,2021-12-04 15:55:16,4.1363,96.1285,77.41,84,15,3.4
308,Torbay,CA,2021-12-04 15:55:17,47.6666,-52.7314,35.58,53,40,36.82
309,Flinders,AU,2021-12-04 15:55:17,-34.5833,150.8552,62.38,77,100,14.41
310,Ust-Tsilma,RU,2021-12-04 15:55:17,65.441,52.1498,-4.4,88,47,8.21
311,Fort Morgan,US,2021-12-04 15:55:18,40.2503,-103.8,30.94,53,42,4.0
312,Taiyuan,CN,2021-12-04 15:55:18,37.8694,112.5603,28.26,50,0,4.47
313,Kemijarvi,FI,2021-12-04 15:55:18,66.7131,27.4306,0.91,98,37,3.13
314,Pangnirtung,CA,2021-12-04 15:55:19,66.1451,-65.7125,19.4,79,75,8.05
315,Wewak,PG,2021-12-04 15:55:19,-3.5534,143.6268,79.48,89,100,12.88
316,Kjollefjord,NO,2021-12-04 15:55:19,70.9457,27.3465,20.79,77,14,21.12
317,Metro,ID,2021-12-04 15:55:20,-5.1131,105.3067,75.74,88,100,1.39
318,Ekibastuz,KZ,2021-12-04 15:55:20,51.6667,75.3667,28.69,91,100,7.67
319,Kiama,AU,2021-12-04 15:55:21,-34.6833,150.8667,62.58,81,100,1.01
320,Dum Duma,IN,2021-12-04 15:55:21,27.5667,95.5667,64.22,79,53,2.08
321,Stornoway,GB,2021-12-04 15:52:04,58.2093,-6.3865,40.96,83,40,4.0
322,Treinta Y Tres,UY,2021-12-04 15:55:22,-33.2333,-54.3833,80.04,41,89,9.55
323,Hovd,MN,2021-12-04 15:55:22,48.0056,91.6419,21.22,59,0,2.1
324,Fallon,US,2021-12-04 15:55:22,39.4735,-118.7774,45.63,45,0,3.2
325,Pedasi,PA,2021-12-04 15:55:23,7.5333,-80.0333,79.07,76,52,12.86
326,Fort Nelson,CA,2021-12-04 15:55:23,58.8053,-122.7002,-18.81,76,90,0.0
327,Acarau,BR,2021-12-04 15:55:23,-2.8856,-40.12,88.83,57,58,18.1
328,Snezhnogorsk,RU,2021-12-04 15:55:24,69.1933,33.2531,0.84,97,44,5.84
329,Ivrea,IT,2021-12-04 15:55:24,45.4672,7.8762,44.98,66,43,1.77
330,Misratah,LY,2021-12-04 15:55:25,32.3754,15.0925,63.25,60,88,25.43
331,Ahaus,DE,2021-12-04 15:55:25,52.0667,7.0,41.63,87,100,1.01
332,Bow Island,CA,2021-12-04 15:55:25,49.8668,-111.3684,29.95,68,100,0.0
333,Hvide Sande,DK,2021-12-04 15:55:26,56.0045,8.1294,39.49,90,100,20.13
334,Gniezno,PL,2021-12-04 15:55:26,52.5348,17.5826,34.72,87,93,6.04
335,Kamiiso,JP,2021-12-04 15:55:27,41.8167,140.65,28.24,76,97,15.7
336,Obo,CF,2021-12-04 15:55:27,5.3998,26.4869,82.8,41,44,3.09
337,Sobolevo,RU,2021-12-04 15:55:27,54.4299,31.8996,27.93,93,100,10.04
338,Amapa,BR,2021-12-04 15:55:28,1.0,-52.0,79.84,90,92,3.42
339,Mugur-Aksy,RU,2021-12-04 15:55:28,50.35,90.5,11.25,81,26,8.43
340,Labuan,MY,2021-12-04 15:55:28,5.2767,115.2417,79.16,94,20,0.0
341,Waddan,LY,2021-12-04 15:55:29,29.1614,16.139,56.68,44,0,12.71
342,Angoche,MZ,2021-12-04 15:55:29,-16.2325,39.9086,81.1,77,0,14.9
343,Kirakira,SB,2021-12-04 15:55:30,-10.4544,161.9205,78.75,84,77,1.97
344,Inhambane,MZ,2021-12-04 15:55:30,-23.865,35.3833,84.18,79,20,14.0
345,Nuuk,GL,2021-12-04 15:50:45,64.1835,-51.7216,38.88,80,100,15.99
346,Bahia Honda,CU,2021-12-04 15:55:30,22.9036,-83.1592,78.1,58,1,7.54
347,Hurghada,EG,2021-12-04 15:55:31,27.2574,33.8129,75.24,60,0,0.0
348,Victoria,HK,2021-12-04 15:51:52,22.2855,114.1577,67.32,66,57,1.01
349,Bonito,BR,2021-12-04 15:55:32,-21.1211,-56.4819,95.4,35,20,7.09
350,Broome,US,2021-12-04 15:55:32,42.2506,-75.833,41.58,71,73,3.0
351,Neiafu,TO,2021-12-04 15:55:33,-18.65,-173.9833,79.48,89,20,11.5
352,Toamasina,MG,2021-12-04 15:55:33,-18.1667,49.3833,82.4,78,40,5.75
353,Huarmey,PE,2021-12-04 15:55:33,-10.0681,-78.1522,71.56,75,69,9.62
354,Samarai,PG,2021-12-04 15:55:34,-10.6167,150.6667,80.47,81,99,6.13
355,Denizli,TR,2021-12-04 15:55:35,37.8402,29.0698,53.24,87,99,5.28
356,Tenenkou,ML,2021-12-04 15:55:35,14.4572,-4.9169,95.81,8,89,7.74
357,Cubuk,TR,2021-12-04 15:55:36,40.2386,33.0322,48.76,71,75,2.3
358,Yuncheng,CN,2021-12-04 15:55:37,35.0231,110.9928,40.96,41,97,2.1
359,Aksu,CN,2021-12-04 15:55:37,41.1231,80.2644,29.84,40,100,0.78
360,Bayburt,TR,2021-12-04 15:55:38,40.2589,40.2278,27.19,65,35,4.76
361,Gazojak,TM,2021-12-04 15:55:39,41.1875,61.4036,37.96,78,100,7.67
362,Sicamous,CA,2021-12-04 15:55:39,50.8331,-118.9856,31.17,87,100,2.13
363,Kulhudhuffushi,MV,2021-12-04 15:55:39,6.6221,73.07,82.33,73,37,7.65
364,Kaitangata,NZ,2021-12-04 15:55:40,-46.2817,169.8464,55.89,93,100,5.01
365,Port Blair,IN,2021-12-04 15:55:40,11.6667,92.75,79.9,80,67,9.95
366,Ahipara,NZ,2021-12-04 15:55:41,-35.1667,173.1667,65.43,90,100,8.39
367,Poronaysk,RU,2021-12-04 15:55:41,49.2167,143.1167,-1.73,96,75,5.75
368,Santa Isabel,BR,2021-12-04 15:55:42,-23.3156,-46.2214,79.66,44,49,4.74
369,Sorland,NO,2021-12-04 15:55:42,67.667,12.6934,30.07,58,6,17.56
370,Severobaykalsk,RU,2021-12-04 15:55:43,55.65,109.3167,25.52,76,96,9.31
371,Fortuna Foothills,US,2021-12-04 15:55:43,32.6578,-114.4119,55.45,54,1,8.05
372,Hailar,CN,2021-12-04 15:55:44,49.2,119.7,12.74,90,10,8.68
373,Urucara,BR,2021-12-04 15:55:44,-2.5364,-57.76,84.78,74,47,1.28
374,Matara,LK,2021-12-04 15:55:45,5.9485,80.5353,77.86,86,38,4.14
375,Santa Isabel Do Rio Negro,BR,2021-12-04 15:55:46,-0.4139,-65.0192,89.15,58,78,3.87
376,Bahia De Caraquez,EC,2021-12-04 15:55:46,-0.6,-80.4167,77.18,69,81,9.22
377,The Valley,AI,2021-12-04 15:55:46,18.217,-63.0578,85.1,70,40,12.66
378,Hambantota,LK,2021-12-04 15:55:47,6.1241,81.1185,79.14,89,40,9.22
379,Lata,PT,2021-12-04 15:55:47,40.1629,-8.3327,56.91,82,61,7.38
380,Comodoro Rivadavia,AR,2021-12-04 15:55:48,-45.8667,-67.5,76.86,16,0,9.22
381,Esperance,AU,2021-12-04 15:55:48,-33.8667,121.9,57.04,78,3,12.59
382,Kati,ML,2021-12-04 15:55:48,12.7441,-8.0726,96.21,10,95,8.84
383,Raga,SS,2021-12-04 15:55:49,8.4596,25.678,88.11,22,48,4.68
384,Calvinia,ZA,2021-12-04 15:55:49,-31.4707,19.776,62.78,58,70,9.53
385,Leh,IN,2021-12-04 15:55:49,34.1667,77.5833,20.46,65,6,3.02
386,Banfora,BF,2021-12-04 15:55:50,10.6333,-4.7667,97.99,11,93,7.14
387,Hilton Head Island,US,2021-12-04 15:55:50,32.2163,-80.7526,68.0,79,1,5.75
388,Sitio Novo Do Tocantins,BR,2021-12-04 15:52:58,-5.5183,-47.4611,84.13,74,75,6.91
389,Colquechaca,BO,2021-12-04 15:55:51,-18.6667,-66.0167,46.36,53,50,8.16
390,Aykhal,RU,2021-12-04 15:55:51,66.0,111.5,-3.78,99,100,7.9
391,Wajid,SO,2021-12-04 15:55:51,3.8093,43.2471,85.87,34,18,12.8
392,Mareeba,AU,2021-12-04 15:55:52,-17.0,145.4333,74.12,83,88,2.51
393,Angoram,PG,2021-12-04 15:55:52,-4.0625,144.0661,75.2,98,100,4.23
394,Sambava,MG,2021-12-04 15:55:53,-14.2667,50.1667,78.46,83,12,8.37
395,Guerrero Negro,MX,2021-12-04 15:55:53,27.9769,-114.0611,64.69,75,96,12.08
396,La Malbaie,CA,2021-12-04 15:55:53,47.6575,-70.1559,19.65,62,19,6.93
397,Durham,US,2021-12-04 15:54:55,36.0335,-78.8664,66.18,46,98,1.74
398,Xinzhou,CN,2021-12-04 15:55:54,38.4092,112.7333,33.58,32,1,1.21
399,Brigantine,US,2021-12-04 15:55:54,39.4101,-74.3646,48.04,74,100,6.46
400,Yangambi,CD,2021-12-04 15:55:54,0.8102,24.4336,80.02,76,97,2.66
401,Halifax,CA,2021-12-04 15:55:12,44.6453,-63.5724,29.68,61,37,5.99
402,Sabla,NG,2021-12-04 15:55:55,12.7525,4.7077,93.04,9,48,9.06
403,Shingu,JP,2021-12-04 15:55:56,33.7333,135.9833,41.09,75,3,7.56
404,Navsari,IN,2021-12-04 15:55:56,20.9524,72.9324,75.09,65,0,4.81
405,Khasan,RU,2021-12-04 15:55:56,42.4308,130.6434,20.3,66,4,7.23
406,Gamba,GA,2021-12-04 15:55:57,-2.65,10.0,80.78,79,93,8.84
407,Blagoyevo,RU,2021-12-04 15:55:57,63.3667,47.9167,3.43,81,100,13.13
408,Awjilah,LY,2021-12-04 15:55:58,29.1081,21.2869,60.53,32,0,20.33
409,Upernavik,GL,2021-12-04 15:55:58,72.7868,-56.1549,7.07,73,99,9.8
410,Garowe,SO,2021-12-04 15:55:58,8.4054,48.4845,79.83,28,5,9.78
411,Ciudad Bolivar,VE,2021-12-04 15:55:59,8.1222,-63.5497,91.17,43,87,10.92
412,Loandjili,CG,2021-12-04 15:55:59,-4.7561,11.8578,80.71,83,40,16.11
413,Lisala,CD,2021-12-04 15:56:00,2.15,21.5167,81.68,71,93,2.98
414,Acapulco,MX,2021-12-04 15:55:34,16.8634,-99.8901,78.62,73,1,0.0
415,Mindif,CM,2021-12-04 15:56:00,10.3976,14.4363,92.89,18,5,6.11
416,Farroupilha,BR,2021-12-04 15:56:01,-29.225,-51.3478,83.08,29,96,1.25
417,Svarstad,NO,2021-12-04 15:56:01,59.399,9.9698,25.95,52,100,4.0
418,Boyolangu,ID,2021-12-04 15:56:01,-8.1181,111.8935,75.67,94,100,3.02
419,Iisalmi,FI,2021-12-04 15:56:02,63.5592,27.1907,5.02,94,13,6.2
420,Paamiut,GL,2021-12-04 15:56:02,61.994,-49.6678,39.38,75,100,43.87
421,Shimoda,JP,2021-12-04 15:56:03,34.6667,138.95,45.1,60,23,10.6
422,Erdaojiang,CN,2021-12-04 15:56:03,41.7764,126.0319,1.72,97,26,2.55
423,Mount Isa,AU,2021-12-04 15:56:04,-20.7333,139.5,85.77,32,75,21.85
424,Batticaloa,LK,2021-12-04 15:56:04,7.7102,81.6924,79.66,81,54,6.51
425,Roma,US,2021-12-04 15:56:05,43.2128,-75.4557,40.12,76,96,1.99
426,Sarangani,PH,2021-12-04 15:56:06,5.4033,125.4636,82.36,73,58,8.03
427,Nymburk,CZ,2021-12-04 15:56:06,50.1861,15.0417,36.19,89,100,7.81
428,Chapais,CA,2021-12-04 15:56:07,49.7834,-74.8492,-0.62,86,95,3.36
429,Huichapan,MX,2021-12-04 15:56:07,20.3833,-99.65,61.66,35,0,3.56
430,East Bethel,US,2021-12-04 15:56:07,45.3194,-93.2025,33.75,63,90,4.0
431,Meadow Lake,US,2021-12-04 15:56:08,34.8014,-106.5436,57.15,31,0,1.7
432,Wakkanai,JP,2021-12-04 15:56:08,45.4094,141.6739,28.9,70,100,19.55
433,Kysyl-Syr,RU,2021-12-04 15:56:09,63.8986,122.7617,-16.17,98,100,9.82
434,Riyadh,SA,2021-12-04 15:52:06,24.6877,46.7219,68.14,27,0,5.1
435,Labuhan,ID,2021-12-04 15:56:09,-6.8844,112.2051,78.75,86,100,13.09
436,Kieta,PG,2021-12-04 15:56:09,-6.2167,155.6333,79.14,84,88,4.09
437,Brusque,BR,2021-12-04 15:56:10,-27.0981,-48.9175,79.48,68,87,5.03
438,Lucapa,AO,2021-12-04 15:56:10,-8.4192,20.7447,74.91,84,89,3.06
439,Warrington,GB,2021-12-04 15:56:11,53.3925,-2.5802,44.55,89,75,8.99
440,Dong Hoi,VN,2021-12-04 15:56:11,17.4833,106.6,64.99,72,22,9.28
441,Nantucket,US,2021-12-04 15:56:11,41.2835,-70.0995,40.08,59,28,8.19
442,Alice Springs,AU,2021-12-04 15:51:41,-23.7,133.8833,81.95,24,73,11.5
443,Muros,ES,2021-12-04 15:56:12,42.7762,-9.0603,56.08,84,86,11.39
444,Nuevo Progreso,MX,2021-12-04 15:56:12,23.1667,-97.95,78.55,81,7,5.99
445,Alta Floresta,BR,2021-12-04 15:56:13,-9.8756,-56.0861,80.42,94,75,4.61
446,Turukhansk,RU,2021-12-04 15:56:13,65.8167,87.9833,-36.15,100,95,5.12
447,Valera,VE,2021-12-04 15:56:13,9.3178,-70.6036,85.53,51,96,4.92
448,Tateyama,JP,2021-12-04 15:56:14,34.9833,139.8667,51.73,43,0,17.27
449,Noumea,NC,2021-12-04 15:56:14,-22.2763,166.4572,71.58,84,99,6.55
450,Mishelevka,RU,2021-12-04 15:56:14,52.8575,103.1719,18.45,91,98,1.74
451,Morant Bay,JM,2021-12-04 15:56:15,17.8815,-76.4093,87.42,73,83,9.17
452,Saint-Paul,RE,2021-12-04 15:56:15,-21.0096,55.2707,80.71,83,60,1.23
453,Bathsheba,BB,2021-12-04 15:56:15,13.2167,-59.5167,84.81,65,40,20.71
454,Vila Velha,BR,2021-12-04 15:54:37,-20.3297,-40.2925,78.94,76,40,5.01
455,Sola,VU,2021-12-04 15:56:16,-13.8833,167.55,78.8,79,100,11.12
456,Limbazi,LV,2021-12-04 15:56:16,57.5129,24.7194,24.03,88,100,6.15
457,Partyzany,UA,2021-12-04 15:56:17,46.3314,34.7503,39.31,93,100,12.17
458,Tongliao,CN,2021-12-04 15:56:17,43.6125,122.2653,22.41,80,3,12.35
459,Tigzirt,DZ,2021-12-04 15:56:18,36.8886,4.1198,58.23,65,0,9.75
460,Pisco,PE,2021-12-04 15:56:18,-13.7,-76.2167,71.02,83,0,10.36
461,Victor Harbor,AU,2021-12-04 15:56:19,-35.5667,138.6167,60.01,78,22,1.01
462,Ornskoldsvik,SE,2021-12-04 15:56:19,63.2909,18.7153,14.95,85,20,6.91
463,Osa,RU,2021-12-04 15:56:20,57.2829,55.4567,34.02,97,100,15.52
464,Penzance,GB,2021-12-04 15:56:20,50.1186,-5.5371,47.41,66,100,33.49
465,Agirish,RU,2021-12-04 15:56:21,61.9247,63.0231,3.04,95,100,11.63
466,Kardymovo,RU,2021-12-04 15:56:21,54.8902,32.4311,29.59,92,100,9.01
467,Vigrestad,NO,2021-12-04 15:56:22,58.5667,5.7,39.0,69,99,35.46
468,Wamba,NG,2021-12-04 15:56:22,8.9333,8.6,93.38,20,8,5.06
469,Saint-Joseph,RE,2021-12-04 15:56:23,-21.3667,55.6167,79.18,83,43,7.63
470,Shevchenkove,UA,2021-12-04 15:56:23,49.6959,37.1735,29.98,69,100,5.48
471,Cockburn Town,TC,2021-12-04 15:56:24,21.4612,-71.1419,80.01,73,92,20.24
472,Yankton,US,2021-12-04 15:56:24,42.8711,-97.3973,36.12,83,46,8.05
473,Tura,IN,2021-12-04 15:56:25,25.5198,90.2201,66.4,77,99,3.04
474,Bismarck,US,2021-12-04 15:56:25,46.8083,-100.7837,29.88,68,90,1.01
475,Bintulu,MY,2021-12-04 15:56:26,3.1667,113.0333,77.41,100,20,0.0
476,Borogontsy,RU,2021-12-04 15:56:26,62.6683,131.1683,-20.72,97,100,10.56
477,Herat,AF,2021-12-04 15:56:27,34.5,62.0,42.12,66,0,3.91
478,Mana,GF,2021-12-04 15:56:27,5.6592,-53.7767,79.34,81,93,6.64
479,Bima,ID,2021-12-04 15:56:27,-8.4667,118.7167,78.66,90,85,1.54
480,Kalaleh,IR,2021-12-04 15:56:28,37.3807,55.4916,49.6,76,0,0.0
481,Santa Rosa,PH,2021-12-04 15:56:28,14.3122,121.1114,77.09,72,89,15.66
482,Palu,ID,2021-12-04 15:53:54,-0.8917,119.8707,77.16,93,100,1.01
483,Bondo,CD,2021-12-04 15:56:29,3.8146,23.6866,71.17,96,99,2.73
484,Kalat,PK,2021-12-04 15:56:29,29.0225,66.5916,42.39,70,6,3.22
485,Morgantown,US,2021-12-04 15:51:41,39.6295,-79.9559,47.61,72,1,0.0
486,Moche,PE,2021-12-04 15:56:29,-8.1711,-79.0092,66.38,82,96,9.22
487,Spornoye,RU,2021-12-04 15:56:30,50.8448,37.2913,28.42,86,82,4.43
488,Caravelas,BR,2021-12-04 15:56:31,-17.7125,-39.2481,79.11,76,28,9.6
489,Buala,SB,2021-12-04 15:56:31,-8.145,159.5921,79.38,82,93,2.48
490,Pochutla,MX,2021-12-04 15:56:32,15.7432,-96.4661,86.83,39,20,3.49
491,Grindavik,IS,2021-12-04 15:56:32,63.8424,-22.4338,30.67,93,75,5.75
492,Antalaha,MG,2021-12-04 15:56:33,-14.9003,50.2788,77.25,85,4,7.49
493,Umiray,PH,2021-12-04 15:56:33,15.2206,121.4111,72.97,81,84,17.63
494,Port Hardy,CA,2021-12-04 15:56:34,50.6996,-127.4199,39.2,100,40,6.91
495,Vila,PT,2021-12-04 15:56:34,42.0304,-8.1588,47.34,71,87,4.74
496,Mackay,AU,2021-12-04 15:56:35,-21.15,149.2,74.68,94,40,5.75
497,Jackson,US,2021-12-04 15:51:35,42.4165,-122.8345,40.78,98,90,4.61
498,Gryazi,RU,2021-12-04 15:56:35,52.4966,39.9359,28.53,80,84,6.44
499,Pemba,MZ,2021-12-04 15:56:36,-12.974,40.5178,84.9,74,20,11.99
500,Samus,RU,2021-12-04 15:56:36,56.7475,84.6992,25.11,93,99,9.04
501,Dwarka,IN,2021-12-04 15:56:37,22.2394,68.9678,76.75,56,0,11.27
502,Santa Barbara,US,2021-12-04 15:56:37,34.7333,-120.0343,49.33,100,90,4.61
503,Eyl,SO,2021-12-04 15:56:37,7.9803,49.8164,78.67,69,9,21.74
504,Kutum,SD,2021-12-04 15:56:38,14.2,24.6667,77.58,19,0,5.66
505,Non Sang,TH,2021-12-04 15:56:38,16.8687,102.5664,62.71,47,33,4.03
506,Mehamn,NO,2021-12-04 15:56:39,71.0357,27.8492,17.83,79,11,18.28
507,Banning,US,2021-12-04 15:56:39,33.9256,-116.8764,65.01,62,0,1.36
508,Hawick,GB,2021-12-04 15:56:39,55.4227,-2.7867,41.81,97,93,15.32
509,Kyren,RU,2021-12-04 15:56:40,51.6828,102.1408,19.17,73,71,3.02
510,Srivardhan,IN,2021-12-04 15:56:40,18.0333,73.0167,76.21,81,8,1.21
511,Kashi,CN,2021-12-04 15:56:41,39.4547,75.9797,31.21,43,35,2.24
512,Carrboro,US,2021-12-04 15:51:49,35.9101,-79.0753,65.62,64,100,0.89
513,Ambilobe,MG,2021-12-04 15:56:41,-13.2,49.05,82.29,62,64,6.69
514,Baramati,IN,2021-12-04 15:56:41,18.15,74.5833,73.36,78,46,2.44
515,Sarai Naurang,PK,2021-12-04 15:56:42,32.8259,70.7814,64.53,22,9,2.24
516,Oristano,IT,2021-12-04 15:56:42,39.9,8.6,57.15,80,64,15.43
517,High Level,CA,2021-12-04 15:56:42,58.5169,-117.136,-11.09,77,90,8.05
518,Hvolsvollur,IS,2021-12-04 15:56:43,63.7533,-20.2243,30.87,76,0,5.88
519,La Merced,CO,2021-12-04 15:56:43,5.4019,-75.8847,67.73,73,97,0.72
520,Yining,CN,2021-12-04 15:56:44,29.0361,114.5636,47.05,59,98,1.01
521,Japura,ID,2021-12-04 15:56:44,-0.3167,102.35,74.12,94,98,1.66
522,Muncar,ID,2021-12-04 15:56:44,-8.4333,114.3333,77.34,89,100,2.66
523,Kasese,UG,2021-12-04 15:56:45,0.1833,30.0833,70.81,88,91,3.0
524,Grand Gaube,MU,2021-12-04 15:56:45,-20.0064,57.6608,81.0,70,2,5.01
525,Charters Towers,AU,2021-12-04 15:56:45,-20.1,146.2667,75.63,76,0,6.44
526,La Motte-Servolex,FR,2021-12-04 15:56:46,45.5942,5.8758,48.09,86,75,17.27
527,Yerbogachen,RU,2021-12-04 15:56:46,61.2767,108.0108,21.16,77,100,15.17
528,Aranos,NA,2021-12-04 15:56:46,-24.1333,19.1167,84.67,6,0,28.05
529,Kaduqli,SD,2021-12-04 15:56:47,11.0167,29.7167,87.57,20,4,8.21
530,Le Vauclin,MQ,2021-12-04 15:56:47,14.5452,-60.8388,85.84,70,40,19.57
531,Chamonix-Mont-Blanc,FR,2021-12-04 15:56:48,45.9238,6.8693,41.05,97,100,1.01
532,Todos Santos,MX,2021-12-04 15:56:48,23.45,-110.2167,78.01,68,98,7.65
533,Nyurba,RU,2021-12-04 15:56:48,63.2842,118.3319,21.72,91,100,13.22
534,Kualakapuas,ID,2021-12-04 15:56:49,-3.0091,114.3876,73.56,95,100,5.95
535,Algiers,DZ,2021-12-04 15:56:49,36.7525,3.042,60.62,45,20,9.22
536,Marsaxlokk,MT,2021-12-04 15:56:49,35.8419,14.5431,59.07,72,20,14.97
537,Conceicao Do Araguaia,BR,2021-12-04 15:56:50,-8.2578,-49.2647,85.68,65,98,5.1
538,Tiznit,MA,2021-12-04 15:56:50,29.5833,-9.5,63.37,33,0,9.62
539,Kharitonovo,RU,2021-12-04 15:56:51,61.4009,47.4978,5.2,94,100,10.42
540,Shenzhen,CN,2021-12-04 15:53:33,22.5455,114.0683,67.21,72,70,7.87
541,Praia Da Vitoria,PT,2021-12-04 15:56:51,38.7333,-27.0667,66.45,88,75,6.35
542,Moussoro,TD,2021-12-04 15:56:52,13.6408,16.4901,89.53,13,0,12.15
543,Mae Sai,TH,2021-12-04 15:56:52,20.4335,99.8762,57.43,78,98,1.97
544,Strezhevoy,RU,2021-12-04 15:56:52,60.7333,77.5889,17.58,94,100,8.34
545,Kitimat,CA,2021-12-04 15:56:53,54.0524,-128.6534,34.92,31,100,3.13
546,Aksarka,RU,2021-12-04 15:56:53,66.5606,67.7975,-26.99,100,31,2.82
547,Terre Haute,US,2021-12-04 15:56:18,39.4667,-87.4139,46.22,78,12,1.01
548,Gobabis,NA,2021-12-04 15:56:54,-22.45,18.9667,85.15,17,98,20.94
549,Aanekoski,FI,2021-12-04 15:56:54,62.6946,25.818,5.07,83,7,8.99
550,Kyshtovka,RU,2021-12-04 15:56:55,56.555,76.6271,16.9,96,71,7.49
551,Cavalcante,BR,2021-12-04 15:56:55,-13.7975,-47.4583,78.71,72,94,2.86
552,Nuristan,AF,2021-12-04 15:56:55,35.3,70.8333,20.35,54,43,7.31
553,Tuy Hoa,VN,2021-12-04 15:56:56,13.0833,109.3,69.46,78,100,10.51
554,Samoylovka,RU,2021-12-04 15:56:56,51.184,43.7081,34.02,87,100,5.95
555,Culebra,PR,2021-12-04 15:56:57,18.303,-65.301,88.66,75,32,17.2
556,Knoxville,US,2021-12-04 15:56:57,35.9606,-83.9207,65.68,78,98,1.01
557,Mount Pleasant,US,2021-12-04 15:56:57,32.7941,-79.8626,68.11,73,1,3.0
558,Rocha,UY,2021-12-04 15:55:26,-34.4833,-54.3333,77.02,47,85,12.12
559,Faya,SA,2021-12-04 15:56:58,18.3851,42.4509,62.71,45,3,3.18
560,Atar,MR,2021-12-04 15:56:58,20.5169,-13.0499,87.3,11,80,11.01
561,Erattupetta,IN,2021-12-04 15:56:59,9.7,76.7833,78.1,97,100,1.95
562,Coquimbo,CL,2021-12-04 15:56:59,-29.9533,-71.3436,62.33,77,20,14.97
563,Dudinka,RU,2021-12-04 15:57:00,69.4058,86.1778,-31.7,98,100,4.45
564,Petropavlovsk-Kamchatskiy,RU,2021-12-04 15:57:00,53.0452,158.6483,28.99,100,75,4.47
565,Kaeo,NZ,2021-12-04 15:57:00,-35.1,173.7833,67.32,96,100,10.47
566,Peruibe,BR,2021-12-04 15:56:12,-24.32,-46.9983,77.7,67,42,9.73
567,Bay Roberts,CA,2021-12-04 15:57:01,47.5999,-53.2648,35.51,45,90,17.0
568,Moron,AR,2021-12-04 15:57:01,-34.6534,-58.6198,78.98,60,100,1.99
569,Katobu,ID,2021-12-04 15:57:02,-4.9408,122.5276,75.85,90,100,2.35
570,Kholmogory,RU,2021-12-04 15:57:02,64.2229,41.656,-1.89,85,83,10.16
571,Catamarca,AR,2021-12-04 15:57:02,-28.4696,-65.7852,75.78,64,100,1.01
572,Ballina,AU,2021-12-04 15:57:03,-28.8667,153.5667,66.38,100,100,5.75
573,Isabela,PH,2021-12-04 15:57:03,6.7085,121.9711,78.85,83,75,0.4
